system,split,p-pos,r-pos,f-pos,p-neg,r-neg,f-neg,p-neu,r-neu,f-neu,p-macro,r-macro,f-macro
baseline,train,0.9994424828098867,0.9994424828098867,0.9994424828098867,0.9997132205334098,0.9988538681948425,0.9992833596101476,0.9991153797548338,0.9994943109987358,0.9993048094545914,0.9994236943660434,0.9992635540011549,0.9993435506248752
baseline,dev,0.5442073170731707,0.596989966555184,0.569377990430622,0.5494186046511628,0.48711340206185566,0.5163934426229508,0.6,0.590443686006826,0.5951834862385321,0.5645419739081112,0.5581823515412885,0.5603183064307017
baseline,test,0.5513126491646778,0.6180602006688963,0.5827814569536424,0.534688995215311,0.4608247422680412,0.4950166112956811,0.6037209302325581,0.590805644060082,0.5971934667586841,0.5632408582041823,0.5565635289990065,0.5583305116693359
improved,train,0.9736300729380961,0.9674781639100539,0.9705443698732289,0.9832844574780059,0.9607449856733524,0.9718840579710145,0.967098703888335,0.9810366624525917,0.9740178235220284,0.9746710781014789,0.969753270678666,0.9721487504554239
improved,dev,0.654320987654321,0.6204013377926422,0.6369098712446352,0.6321070234113713,0.48711340206185566,0.5502183406113537,0.6176176176176176,0.70193401592719,0.6570820021299254,0.63468187622777,0.6031495852605625,0.6147367379953047
improved,test,0.6505263157894737,0.620066889632107,0.6349315068493151,0.5979643765903307,0.4845360824742268,0.5353075170842825,0.6238270093839249,0.6959490213928083,0.6579173838209983,0.6241059005879098,0.6001839978330473,0.6093854692515319
