token,weight
god,3084.6533435801216
lord,915.4581982719142
peopl,523.8708855840059
fear,494.8636153757434
merci,453.4935448947904
messeng,444.25640308133416
worship,398.61014155690117
believ,397.02134268039697
forgiv,248.3854966580762
seek,243.0493680825313
