token,weight
lord,1799.495060310207
god,880.4480396544566
word,807.6088292744134
hear,604.6053427537809
sin,576.0460506260628
command,563.793658115251
nt,408.11034406575294
heart,400.7993516529711
law,394.7199497459631
israel,388.7234374094471
