token,weight
jesu,881.01842985351
thing,811.7531813749375
god,605.4264421350833
christ,501.397994101201
spirit,299.6900076518927
faith,265.0224475477219
work,236.40030560353327
man,187.66965882014583
discipl,180.65441790166483
receiv,171.10614597771968
